<?xml version="1.0" encoding="UTF-8"?>
<!DOCTYPE sqlMap
			PUBLIC "-//ibatis.apache.org//DTD SQL Map 2.0//EN"
			"http://ibatis.apache.org/dtd/sql-map-2.dtd">
<!-- namespace속성 : 아래에서 작성한 SQL을 호출할 때 같이 사용된다. -->			
<sqlMap namespace="memberTest">

	<!-- 회원정보를 검색하기 위한 쿼리 -->
	<select id = "getSearchMember" resultClass="memVO" parameterClass = "memVO">
	select * from mymember
	where 1=1
		<isNotEmpty property="mem_id">
			and mem_id = #mem_id#
		</isNotEmpty>
		<isNotEmpty property="mem_name">
			and mem_name = #mem_name#
		</isNotEmpty>
		<isNotEmpty property="mem_tel">
			and mem_tel = #mem_tel#
		</isNotEmpty>
		<isNotEmpty property="mem_addr">
			and mem_addr like '%' || #mem_addr# || '%'
		</isNotEmpty>
	</select>
	 
	
	<insert id = "memberTest.insertMember" parameterClass = "memVO">
	insert into mymember(mem_id, mem_name, mem_tel, mem_addr) values(#mem_id#,#mem_name#,#mem_tel#,#mem_addr#)
	</insert>
	
	<delete id="memberTest.deleteMember" parameterClass = "String">
	delete from mymember where mem_id = #memID#
	</delete>
	
	<update id="memberTest.updateMember" parameterClass = "memVO">
	update mymember set mem_name = #mem_name# ,mem_tel = #mem_tel# ,mem_addr = #mem_addr# where mem_id = #mem_id#
	</update>
	
	<select id = "getAllMemberList" resultClass="memVO" parameterClass = "memVO">
	select * from mymember
	</select>
	
	<select id = "getSelectMember" resultClass="memVO" parameterClass = "String"> 
	select count(*) as cnt from mymember where mem_id = #mem_id#
	</select>


</sqlMap>			





